<Configuration>
  <Info Description="" />
  <Add OfficeClientEdition="64" Channel="PerpetualVL2019" AllowCdnFallback="TRUE" ForceUpgrade="TRUE">
    <Product ID="ProPlus2019Volume">
      <Language ID="zh-cn" />
      <ExcludeApp ID="Groove" />
      <ExcludeApp ID="OneNote" />
      <ExcludeApp ID="OneDrive" />
      <ExcludeApp ID="Publisher" />
      <ExcludeApp ID="Access" />
      <ExcludeApp ID="Lync" />
	  <ExcludeApp ID="Outlook" />
    </Product>
    <Product ID="VisioPro2019Volume">
      <Language ID="zh-cn" />
      <ExcludeApp ID="Groove" />
      <ExcludeApp ID="OneDrive" />
    </Product>
    <Product ID="ProjectPro2019Volume">
      <Language ID="zh-cn" />
    </Product>
  </Add>
  <Property Name="SharedComputerLicensing" Value="0" />
  <Property Name="PinIconsToTaskbar" Value="TRUE" />
  <Property Name="SCLCacheOverride" Value="0" />
  <Updates Enabled="TRUE" />
  <RemoveMSI All="TRUE" />
  <AppSettings>
    <Setup Name="Company" Value="Tom" />
  </AppSettings>
</Configuration>